,name,lat,lng
0,Neptune Oyster,42.3632711771092,-71.0560575975533
1,Giacomo's Ristorante,42.36458,-71.05344
2,Punjab Cafe,42.2520049,-70.9875057
3,The Lobster Stop,42.2452411,-70.9714177
4,Island Creek Oyster Bar,42.348682243174,-71.095118452365
5,Taj Modern Indian Cuisine,42.242912411892,-70.9530482914012
6,The Fat Cat,42.2498573362827,-71.0019618272781
7,Mike & Patty's,42.348561,-71.067928
8,Carmelina's,42.36388,-71.05415
9,Toro,42.3369631861411,-71.0758940796503
10,Atlantic Fish Co,42.3492217873536,-71.0811272917217
11,Mad Hatter,42.1990629,-70.9373113
12,True North Kitchen + Bar,42.242421,-70.958945
13,Wahlburgers,42.2519742888975,-70.9223558093991
14,Flour Bakery + Café,42.35137,-71.04881
15,Row 34,42.3495808510305,-71.0475044128162
16,Sam LaGrassa's,42.35689,-71.05994
17,Lime Leaf,42.1803048,-70.9692509
18,JJ's Caffe,42.098869,-71.0201328
19,Regina Pizzeria,42.3654185550275,-71.0568833173494
20,Fuji At WoC,42.2493081539869,-71.002384275198
21,Luke's Lobster Back Bay,42.3485601423781,-71.0791224248571
22,James Hook & Co,42.3549617,-71.0509737
23,Gaslight,42.3409677894859,-71.0673901926598
24,Barcelona Wine Bar South End,42.3449355147724,-71.0705436362457
25,Passport Sips & Tapas,42.2192343,-70.9678352
26,The Salty Pig,42.346881,-71.076121
27,Lolita Cocina & Tequila Bar Back Bay,42.3505860446405,-71.077508474716
28,ThaiBarShi,42.21256,-70.959995
29,Yankee Lobster,42.347921583679,-71.035987943405
30,Oleana Restaurant,42.37055,-71.09713
31,Saltie Girl,42.3511377,-71.0776626
32,Maria's Restaurant,42.22945,-70.9717
33,Eastern Standard Kitchen & Drinks,42.348740324378,-71.0960168391466
34,Picco Pizza & Ice Cream,42.3448751089207,-71.0705310984679
35,Life Alive,42.366593014329,-71.105495948582
36,The Daily Catch,42.36406,-71.05397
37,O Ya,42.3514083135866,-71.056866645813
38,Pauli's,42.363244212396,-71.0560854227807
39,Barcelona Wine Bar,42.3387152,-71.1389332
40,The Friendly Toast,42.3485299,-71.07325
41,The Capital Grille,42.3478110031284,-71.0851110928626
42,Flour Bakery + Café,42.3482569197856,-71.0738261386231
43,Bostonia Public House,42.359213,-71.054296
44,Saus,42.3610800091721,-71.0570718850568
45,Mistral,42.3481578332115,-71.072759141675
46,Myers & Chang,42.3438187315924,-71.066250270967
47,Flour Bakery & Cafe,42.338443,-71.074548
48,Drink,42.35067,-71.04846
49,Craigie On Main,42.3634817952265,-71.0986128859795
50,Gennaro's Eatery,42.242657,-70.996002
51,The Townshend,42.25223,-71.00326
52,Pho Country Side,42.2413486987352,-70.9915535151958
53,Maggy's Lounge,42.2464981,-70.9764872
54,El Sarape,42.22033,-70.96852
55,Kristin's Breakfast,42.220658,-71.004146
56,Ichiban,42.234646,-70.978325
57,Thai Noodle Bar,42.2476001,-70.9812393
58,Craig's Cafe,42.2506129,-71.0026527
59,Four Square Restaurant,42.22008,-70.96914
60,Little Duck Thai Restaurant,42.2480462,-71.004525
61,Zef Cicchetti & Raw Bar,42.2487677,-71.0018511
62,Anchan House of Thai Food,42.21986,-71.00414
63,Alba Restaurant,42.248427,-71.001635
64,Cielo Mexican Restaurant,42.1956647,-71.0054403
65,McKay's Breakfast and Lunch,42.23883,-71.0031
66,Sher-A-Punjab,42.252158,-71.004375
67,SGD Dubu So Gong Dong Tofu & Korean BBQ,42.2411639,-70.9911151
68,Cucina Mia Cafe and Deli,42.2506633,-70.9992002
69,JNJ Turo Turo,42.2418814,-71.0038417
70,Granite Street Cafe,42.2422899,-71.01511
71,Royal Hotpot Sushi & Bar,42.2443407,-71.0035116
72,N&P Saigon Subs,42.196205,-71.0607129
73,Angelo's Coal Fired Pizza,42.2456905245781,-71.000412851572
74,110 Grill,42.2206394350797,-71.0327170131634
75,Cap't Loui,42.22136,-71.02587
76,Café Luna,42.3628591475142,-71.0943302147625
77,Legal Sea Foods,42.2203893,-71.0291614
78,Clear Flour Bread,42.35008,-71.12625
79,Alive & Kicking Lobsters,42.362678527832,-71.1138153076172
80,Newcomb Farms Family Restaurant,42.229198,-71.071389
81,El Pelón Taquería,42.3432217195996,-71.0989652411179
82,Cuchi Cuchi,42.3634434,-71.0971361
83,Roast Beast,42.351783181146,-71.1236789566271
84,Flour Bakery + Café,42.361010767746,-71.096618104537
85,Russell House Tavern,42.373113889528,-71.119494214654
86,Pho Basil,42.3457679748535,-71.0873718261719
87,Brassica Kitchen & Cafe,42.30026,-71.1131
88,Chilacates Mexican Street Food,42.31635,-71.10315
89,Tutto Italiano,42.2432556,-71.1425115
90,Shabu Restaurant,42.27407,-71.025864
91,Cafe Paprika,42.191543,-71.202213
92,Yard House,42.2301827,-71.1757719
93,Kouzina Estiatorio,42.2480794487299,-71.1721379826937
94,Wegmans,42.206633,-71.154617
95,Big Bear Cafe & Espresso Bar,42.2477878,-71.1726223
96,Genki - Dedham,42.2304157,-71.1759768
97,Lambert's Rainbow Market,42.218533,-71.180028
98,50's Diner,42.2338781,-71.1781086
99,Aquitaine,42.231488,-71.178664
100,Legal C Bar,42.230881,-71.17782
101,Taqueria El Amigo,42.370405,-71.2207102
102,Bamboo,42.2316246032715,-71.1827163696289
103,CAVA,42.2311182910401,-71.1777499275793
104,Kings Dining & Entertainment - Dedham,42.2296991956888,-71.1770034571424
105,Thai Thani Restaurant,42.19699,-71.1993899
106,To Beirut,42.193425,-71.199607
107,Sweet Basil,42.2801502,-71.234977
108,Chiara,42.2289757,-71.221426
109,Byblos Restaurant,42.193552392755,-71.2011909484863
110,Ciao! Pizza & Pasta,42.3892518,-71.0409076
111,Alma Nove,42.2523753477126,-70.9220655643819
112,Bravo Pizzeria,42.2472694515847,-70.9798498124302
113,Coop's Bar & Grille,42.2475812,-70.9800441
114,The Fours,42.24866,-71.00114
115,16C,42.2483475,-71.0015457
116,Idle Hour,42.24877,-71.00178
117,Len Sennn Noodle Design,42.2473590719452,-71.0009667005762
118,Italian Cafe Gelato,42.24959,-71.001435
119,Schoolhouse Pizza,42.244028918113,-71.00350947623
120,Tony's Clam Shop,42.27529,-71.00598
121,Fairy Cafe,42.2659032,-71.0213049
122,Shaking Crab - Quincy,42.24887,-71.00142
123,Soup House,42.2426168310336,-71.0164234784803
124,B Cafe,42.273435,-71.0256132
125,Burke's Seafood,42.27398,-71.024434
126,Abby Park,42.2582666894027,-71.0403686531032
127,Steel & Rye,42.2698212,-71.0725174
128,Highland Kitchen,42.38818,-71.10324
129,Sarma,42.3881803,-71.0955453
130,Antonio's Bacaro,42.25554,-71.12111
131,ZAZ,42.2558259061801,-71.1228439236887
132,Viva Mi Arepa,42.26144,-71.15729
133,Greek International Food Market,42.260744,-71.157111
134,Los Antojitos Restaurant,42.25927122043,-71.1593503251405
135,Vincenzo's Deli & Catering,42.24681,-71.17351
136,Pancho's Taqueria,42.2481064963827,-71.1719943819083
137,Eggs & Thai Café,42.2485172,-71.1751548
138,Cafe Fresh Bagel,42.2480516900406,-71.173409672414
139,The Fox & Hound Wood Grill & Tavern,42.2595947352645,-70.9949054868325
140,Grumpy White's,42.26129,-70.99208
141,Gunther Tooties,42.2518917918205,-71.0040029883385
142,Fuji Restaurant,42.2673128,-71.0152145
143,Pad Thai,42.2674628,-71.0160071
144,The Wheelhouse Diner,42.27217,-71.0240199
145,Pho Linh,42.2729489,-71.0256069
146,Dairy Freeze,42.25573166396,-71.031232189572
147,Winsor Dim Sum House & Bar,42.2670276671335,-71.0149980336428
148,Ichiro Sushi,42.258457087888,-71.040806395203
149,Novara Restaurant,42.2583465576172,-71.0397644042969
150,Dave's Fresh Pasta,42.3986446720656,-71.1241095133413
151,Ball Square Cafe & Breakfast,42.399891741015,-71.112466164631
152,Yellow Door Taqueria,42.27235,-71.06824
153,Bred,42.27339,-71.06799
154,Fairmount Grille,42.2545537,-71.1202539
155,Ten Tables,42.314933658972,-71.114245396185
156,Porter Cafe,42.287438,-71.149294
157,Recreo Coffee & Roasterie,42.2857447309756,-71.1553767539673
158,Five Guys,42.2578535,-71.1678153
159,Sofia Italian Steakhouse,42.270801,-71.17173
160,Santoros Sicilian Trattoria,42.2644,-71.17769
161,Brickhouse Cafe,42.26789,-71.17629
162,Hakata Ramen,42.2674338,-71.0159611
163,Chili Square,42.267818,-71.016059
164,Lee Han Sandwich,42.2730633552874,-71.0250556547857
165,La Paloma Mexican Restaurant,42.2691794,-71.0237068
166,Assembly,42.27281,-71.02484
167,Ashmont Grill,42.2861,-71.06473
168,Molinari's,42.2832525100023,-71.0558939968374
169,The Haven,42.32168,-71.11038
170,Delfino,42.28696,-71.12953
171,Sophia's Grotto,42.28672,-71.1299
172,La Taqueria Taco Bar & Grill,42.2786755,-71.1190053
173,Rox Diner,42.28599,-71.155602
174,Al Wadi,42.277212,-71.172695
175,Fairouz Restaurant,42.259327,-71.158892
176,The Clam Box,42.276388,-71.009234
177,OB's Cafe,42.2743093,-71.0242032
178,Vivi Bubble Tea Cafe Quincy,42.2737694,-71.0259705
179,Taipei Cuisine,42.2740768,-71.0243466
180,I Love Italian Pizza,42.2813187,-71.0289681
181,Lambert's Rainbow Market,42.2945410061938,-71.0481337489674
182,Neponset Cafe,42.2864450258326,-71.0438522323966
183,El Barrio Mexican Grill,42.2894867,-71.0632446
184,Anh Hong,42.2991816953147,-71.0580706344937
185,Lucy's American Tavern,42.282272,-71.0558719
186,Sweet Life Bakery & Cafe,42.2734565734863,-71.0677490234375
187,Blunch,42.3354929990873,-71.0747301578522
188,Zia Gianna,42.29106,-71.06302
189,Cafe Polonia,42.3288102,-71.057086
190,Doyle’s Cafe,42.3064270019531,-71.1072463989258
191,Milkweed,42.332183,-71.099586
192,Effie's Kitchen,42.28618,-71.12905
193,Fornax Bread Company,42.286162,-71.1298787
194,753 South,42.28721,-71.12924
195,Tony's Market,42.282177,-71.132951
196,Shanti Restaurant - Roslindale,42.2871616763483,-71.1276842865395
197,Himalayan Bistro,42.2873419104816,-71.1497354507446
198,Pleasant Cafe & Restaurant,42.27878,-71.13676
199,West On Centre,42.287136434029,-71.149664475126
200,Banh Mi Ngon,42.2873954772949,-71.1507263183594
201,Los Amigos Taqueria,42.2873305010779,-71.1502859741449
202,BONAPITA,42.277587,-71.163915
203,Bay Sweets,42.27648,-71.16536
204,Johnny's Takeaway,42.27579,-71.16685
205,Cafe Fresh Bagel,42.293528,-71.234793
206,Dunn-Gaherin’s Food and Spirits,42.31271,-71.22397
207,Avana Sushi,42.3515433311481,-71.0609420250346
208,Banh Mi Ba Le,42.3148574,-71.0567825
209,Shanti Indian Cuisine,42.312894,-71.057514
210,Home.Stead Bakery & Cafe,42.3010532798369,-71.0597299039364
211,The Industry,42.28395,-71.0553
212,Pho 2000,42.30231,-71.05987
213,Tavolo,42.283936680018,-71.064666135917
214,Oasis Vegan Veggie Parlor,42.2996327702416,-71.0738489759062
215,Ali's Roti Restaurant,42.2837699,-71.09133
216,Tres Gatos,42.31907,-71.11164
217,Ula Café,42.314698524785,-71.104042767564
218,Fiore's Bakery,42.307928,-71.115828
219,El Oriental De Cuba,42.3206854,-71.1105299
220,The Dogwood,42.3002121,-71.1132266
221,Vee Vee,42.3100254,-71.115372
222,JP Licks,42.312815,-71.114091
223,Village Sushi & Grill,42.2865022,-71.1300103
224,Birch Street Bistro,42.28674,-71.1299
225,Tasty Thai,42.28644,-71.13697
226,Phu-Ket Thai Restaurant,42.2860934,-71.154627
227,Somtum Modern Thai Cuisine,42.28539,-71.15584
228,The Real Deal,42.2856992820842,-71.1557437866334
229,The Squealing Pig,42.28596,-71.15582
230,Jim's Deli & Restaurant,42.3492849,-71.154215
231,Mighty Subs,42.30382,-71.22133
232,McKenna's Cafe,42.31154,-71.05395
233,dbar,42.3084,-71.05803
234,The Blarney Stone,42.2993708,-71.0606029
235,Pho Le,42.3043608,-71.0590262
236,Pho Hoa Restaurant,42.3038677039571,-71.0592090686476
237,Orinoco,42.33892,-71.07596
238,JP Seafood Cafe,42.310854779926,-71.1144268512726
239,Blue Nile Restaurant,42.3222166667864,-71.1093228658511
240,Soup Shack,42.30996,-71.1156
241,Exodus Bagels,42.30946,-71.10423
242,Bukhara Indian Bistro,42.30059,-71.11276
243,Chilacates Mexican Street Food,42.3128114640713,-71.1140305548906
244,Tikki Masala,42.300319,-71.112884
245,Galway House,42.311373891743,-71.114338487506
246,Zaftigs Delicatessen - Brookline,42.343860473774,-71.123682211138
247,The Publick House,42.3394130267999,-71.1367036548893
248,Ganko Ittetsu Ramen,42.343347,-71.1234952
249,Genki Ya - Brookline,42.344925,-71.126758
250,Misono,42.2963127599112,-71.1569080341349
251,Dorado Tacos & Cemitas,42.34529,-71.12661
252,Putterham Grille,42.3036429481198,-71.152104452745
253,The Capital Grille,42.319210523384,-71.1776752153702
254,Little Big Diner,42.3303609976712,-71.194781139493
255,Walnut Grille,42.3206878490803,-71.2054405430208
256,Lee's Burger Place,42.3307251,-71.1922025
257,Jake's Falafel Corner,42.3305099,-71.19098
258,The Bagel Place,42.30792,-71.21469
259,District 118 Kitchen and Bar,42.31342,-71.2116
260,New England Soup Factory,42.3095,-71.214164
261,The Farm Grill & Rotisserie,42.31575,-71.20979
262,Parish Cafe and Bar,42.351822284275,-71.071625035216
263,The Beehive,42.3446991683707,-71.0713935252701
264,Tenoch Mexican,42.4181698259742,-71.1089605093002
265,Sullivan's,42.33885,-71.0132299
266,Legal Harborside,42.34865,-71.03779
267,Loco Taqueria & Oyster Bar,42.3369670759542,-71.0477377406966
268,Lincoln Tavern and Restaurant,42.33632,-71.04763
269,Galley Diner,42.337799,-71.027351
270,B&G Oysters,42.34388,-71.07123
271,Coppa Enoteca,42.34346,-71.06873
272,Fuji at Ink Block,42.345077,-71.063505
273,American Provisions,42.3353899,-71.03982
274,Mike's City Diner,42.33688,-71.07604
275,Giacomo's,42.34406,-71.077732
276,The Gallows,42.3413899,-71.07019
277,Lobstah On A Roll,42.3417144784736,-71.0807903258378
278,Render Coffee,42.34115,-71.08149
279,SRV Boston,42.3409180006501,-71.0816150531173
280,Abe & Louie's,42.3492240905762,-71.0815887451172
281,Boston Burger - Boston,42.346827,-71.0884733
282,Sweet Cheeks Q,42.343898,-71.101103
283,Bella Luna Restaurant & The Milky Way Lounge,42.314362032808,-71.104138981922
284,Cutty's,42.33308,-71.11939
285,The Old Havana,42.3226628,-71.1067477
286,Laughing Monk Cafe,42.3340845,-71.1053358
287,Bottega di Capri,42.33468,-71.11889
288,Pikalo,42.3220872912341,-71.1092973932542
289,Fugakyu Japanese Cuisine,42.342954,-71.119374642915
290,Chiharu,42.329694,-71.126876
291,The Paris Creperie,42.342472946143,-71.121876499059
292,The Real Deal,42.3106031204292,-71.1147075158315
293,Orinoco,42.3338191846724,-71.1190102987469
294,Stoked Wood Fired Pizza,42.3397332272915,-71.1357329644411
295,The Abbey,42.338634,-71.136831
296,Deep Ellum,42.3539,-71.13719
297,Tasca Tapas Bar & Restaurant,42.34336,-71.142684
298,Carlo's Cucina Italiana,42.3531,-71.13116
299,Twelve Hours,42.34996,-71.16444
300,Fish Market Sushi Bar,42.3530513048172,-71.1329669505358
301,Pino's Pizza,42.33657,-71.149299
302,Sycamore,42.3306767592034,-71.1916864637311
303,Oath Pizza - Chestnut Hill,42.318735,-71.176129
304,El Pelon Taqueria,42.340269,-71.166394
305,Besito Mexican,42.32128,-71.17611
306,Comedor,42.3299477795152,-71.1939065014881
307,Whole Heart Provisions,42.353836,-71.13726
308,Ellana's Kitchen & More,42.3313,-71.19535
309,O'Hara's Food & Spirits,42.3211096,-71.2058315
310,Sportello,42.35067,-71.04846
311,Menton,42.3504581,-71.0483829
312,Yvonne's,42.35549,-71.06141
313,Shabu-Zen,42.3508174908521,-71.0606166602329
314,Local 149,42.333072,-71.027201
315,Q Restaurant,42.3517075922991,-71.0625610949003
316,Marliave,42.357014071346,-71.060306250729
317,Gourmet Dumpling House,42.3514616954526,-71.0606415876193
318,Stella,42.33994,-71.0725
319,Thinking Cup,42.351734691006,-71.0746758944958
320,Boston Shawarma,42.34111,-71.08778
321,Tasty Burger,42.3445778,-71.0982588
322,La Morra,42.3312149047852,-71.1187744140625
323,Dok Bua Thai Kitchen,42.34552,-71.12676
324,Brown Sugar Cafe,42.352041047903,-71.121633890381
325,Garlic 'n Lemons,42.3521091789007,-71.1318954080343
326,Ittoku,42.348397,-71.1390018
327,Super Fusion Cuisine,42.3386799,-71.13457
328,Dolphin Bay,42.3524595116339,-71.128802412403
329,Esperia Grill,42.348922,-71.1529
330,Coreanos Allston,42.3529551,-71.1329534
331,Chestnut Hill Restaurant,42.323047,-71.163185
332,Spring Shabu-Shabu,42.36265,-71.13592
333,Eagle's Deli,42.336612,-71.149169
334,Cafénation,42.3490189715376,-71.1541975249355
335,Shake Shack,42.3225196,-71.1695757
336,Frank Pepe Pizzeria Napoletana - Chestnut Hill,42.321763,-71.176166
337,Seasons 52,42.3195532384927,-71.176659778639
338,Sushi Man,42.3192986863434,-71.1843072803164
339,sweetgreen,42.318817,-71.1758601665496
340,Farmstead Table,42.3296183,-71.1926864
341,Max and Leo's,42.3569993,-71.1868365
342,Sweet Tomatoes Pizza,42.330146,-71.192173
343,Johnny's Luncheonette,42.33108,-71.19304
344,Manow Thai Kitchen,42.33078,-71.20953
345,COOK,42.3518567,-71.2069643
346,Galleria Umberto,42.3637299,-71.05425
347,Santarpio's Pizza,42.37261,-71.03524
348,Piperi Mediterranean Grill,42.3585362,-71.0607882
349,Rino's Place,42.3780632,-71.0329114
350,La Famiglia Giorgio's,42.36459,-71.05571
351,Al Dente Restaurant,42.36422,-71.05536
352,Ernesto's,42.363353729248,-71.0558242797852
353,Panza,42.3646699,-71.05382
354,North Street Grille,42.3633987875275,-71.0525562839306
355,Pomodoro,42.36454,-71.05349
356,Publico Street Bistro & Garden,42.3372,-71.04375
357,Mul's Diner,42.3417995548894,-71.055726479847
358,Moonshine 152,42.34133,-71.0569151
359,Cinquecento,42.34191,-71.06592
360,Oishii Boston,42.343216559683,-71.066379535192
361,Boston Chops,42.3415074053928,-71.0696210990184
362,Franklin Cafe,42.34291,-71.06895
363,Aquitaine,42.34381,-71.07235
364,Metropolis,42.34324,-71.072621
365,KAVA neo-taverna,42.34239,-71.07043
366,Sorellina,42.3488367161261,-71.0779036594912
367,Darryl's Corner Bar & Kitchen,42.33976,-71.08241
368,Lucy Ethiopian Cafe,42.3423687,-71.0841231
369,Trident Booksellers & Café,42.34825,-71.086611
370,Top of the Hub,42.3485661293609,-71.0822875410004
371,Penguin Pizza,42.3340617633654,-71.1054841064522
372,Rod Dee 2,42.3430470265358,-71.099159
373,Gyro City,42.3431622796524,-71.0989929288362
374,The Squealing Pig,42.3347264719514,-71.102044028064
375,Neighborhoods Coffee And Crepes,42.343162,-71.099228
376,Gyu-Kaku Japanese BBQ,42.3464102,-71.1070482
377,Tatte Bakery & Cafe,42.3457847,-71.1070339
378,Japonaise Bakery and Cafe,42.34629,-71.10785
379,Kookoo Café,42.332551185059,-71.11787679531
380,Michael's Deli,42.3415984,-71.121215
381,Anna's Taqueria,42.3413455,-71.1254999
382,OTTO Pizza,42.3428580728701,-71.1222223015925
383,The Glenville Stops,42.3495561,-71.1349697
384,The Daily Catch,42.34611,-71.12766
385,Bess's Cafe,42.3275182499588,-71.1244799659589
386,The Washington Square Tavern,42.339123,-71.135212
387,Bamboo Thai Restaurant,42.343273,-71.142808
388,Livite,42.33957,-71.13625
389,Oppa Sushi,42.350904,-71.1313152
390,Punjab Palace,42.352732,-71.130435
391,Bonchon - Allston,42.35308,-71.13061
392,Fin's Sushi and Grill,42.3368451881789,-71.1516341401275
393,Lone Star Taco Bar,42.353849,-71.137078
394,Dates & Olives,42.3417807,-71.1541985
395,Fuel America,42.34157,-71.15413
396,Dash Cafe,42.349401927428,-71.14959405349
397,Energize,42.3504971265567,-71.1680724904774
398,Buff's Pub,42.3571185085622,-71.1864730423323
399,Cabot's Ice Cream & Restaurant,42.35241,-71.20392
400,Four Spoons Thai Inspired Cuisine & Bar,42.33008,-71.19348
401,Sandwich Works,42.3301749,-71.1950818
402,Coconut Cafe,42.33066634912,-71.191882089792
403,Shaking Crab - Newton,42.35801,-71.20001
404,Lumiere Restaurant,42.3494793,-71.2266165
405,Blue Ribbon BBQ,42.3483424872468,-71.2298665725417
406,Fiorella's,42.365314,-71.218639
407,Super Fusion Cuisine,42.36628,-71.18259
408,Koko Bakery,42.36461,-71.1977
409,Boston Chowda,42.360065,-71.055374
410,Ogawa Coffee,42.3568572843331,-71.0580796438568
411,Boston Sail Loft,42.362543759667,-71.050748116975
412,KO Pies At the Shipyard,42.364075640365,-71.0316231238073
413,Del Frisco's Double Eagle Steakhouse,42.3489088651761,-71.0384945153269
414,Chickadee,42.3442600048014,-71.0309400781989
415,Legal Test Kitchen,42.348585,-71.039075
416,Ocean Prime,42.3512063,-71.0440255
417,Lucky's Lounge,42.35004,-71.04848
418,City Tap House,42.3499185,-71.0470911
419,Barking Crab,42.3534472149055,-71.0486004152558
420,Shojo,42.35113,-71.06077
421,Ostra,42.3510951212984,-71.0670912265778
422,New Dong Khanh,42.35093,-71.06158
423,Taiwan Café,42.351503,-71.060239
424,Clover Food Truck,42.3519287109375,-71.0621566772461
425,Grill 23 & Bar,42.3494218727725,-71.0720500564835
426,Douzo,42.3468979763336,-71.0755712773849
427,Masa,42.3468481,-71.0692967
428,Fogo de Chao Brazilian Steakhouse,42.34880756427,-71.077162199668
429,GreCo,42.35006,-71.0817
430,Coda,42.3462394,-71.0750068
431,Sonsie,42.34884,-71.08625
432,Deuxave,42.349521,-71.089166
433,Piattini,42.34969,-71.08122
434,The Pour House,42.3484840393066,-71.0843353271484
435,Santouka Back Bay,42.3484762870602,-71.0854271426797
436,Cornish Pasty,42.349712092998,-71.0891945599281
437,India Quality Restaurant,42.3485649735803,-71.0943808368296
438,Yard House,42.3453025325918,-71.1003178238538
439,Saloniki Greek,42.3448811203997,-71.100546
440,Citizen Public House & Oyster Bar,42.3442,-71.09795
441,Mei Mei Restaurant,42.3474142084205,-71.1062359253643
442,Pho Viet's,42.3523273,-71.1247024
443,S & I Thai,42.3529551,-71.1329267
444,Le's Vietnamese Resturant,42.35313,-71.1313799
445,Shabu-Zen,42.352613,-71.129032
446,Kaju Tofu House,42.35431,-71.132294
447,Anna's Taqueria - Harvard St,42.3462416951825,-71.1281127188172
448,Ariana Restaurant,42.3627373286036,-71.1378785311356
449,Grasshopper Restaurant,42.35378,-71.13746
450,Brickhouse Pizza & Grille,42.347901,-71.149735
451,Cha Yen Thai Cookery,42.3707814,-71.1582909
452,Thai North Restaurant,42.3511817662172,-71.1684623617828
453,The Diner at 11 North Beacon,42.364784,-71.183206
454,Pizza Etc,42.3511675661661,-71.1683344481654
455,Meat Spot,42.3657964572118,-71.1836107409113
456,Deluxe Town Diner,42.3709564208984,-71.1579818725586
457,Steamers,42.36125,-71.19892
458,Village Cafe,42.35276,-71.203
459,Moldova Restaurant,42.3606473,-71.2004594
460,Aji,42.3493377864361,-71.2067853659391
461,Marty's Fine Wines,42.3536238357486,-71.2009718241592
462,Rox Diner,42.34972,-71.20724
463,Alia Ristorante,42.37216,-70.9708596
464,Blackstrap BBQ,42.3746937,-70.9869134
465,Union Oyster House,42.36126,-71.05688
466,Taqueria Jalisco,42.37872,-71.02818
467,Legal Sea Foods,42.361696,-71.017407
468,Italian Express Pizzeria,42.367273879279,-71.035738156977
469,Legal Sea Foods,42.36342,-71.0257
470,Legal Sea Foods,42.3595530399974,-71.0510174185038
471,Committee,42.353665,-71.047096
472,Casa Razdora,42.35805,-71.05461
473,Wheelhouse,42.3579261,-71.0539618
474,Al's State Street Cafe,42.359344,-71.0548687
475,No. 9 Park,42.3576202392578,-71.0627899169922
476,Shawarma Falafel,42.357013,-71.0597644
477,Bricco,42.36309,-71.05495
478,The Paramount,42.357291,-71.070088
479,Grotto,42.3598607550211,-71.063289740014
480,Dig Inn,42.3507,-71.07617
481,La Voile,42.34963,-71.0833
482,Area Four,42.363073,-71.0924589
483,Veggie Galaxy,42.3636681909004,-71.101134969724
484,Uburger,42.34957,-71.09527
485,Little Donkey,42.3642899,-71.10154
486,Santouka Harvard Square,42.3722,-71.11582
487,The Friendly Toast- Cambridge,42.36657,-71.09019
488,Alden & Harlow,42.373561,-71.121464
489,The Breakfast Club,42.3631629943848,-71.133544921875
490,Holly Crab,42.3518873,-71.1245246
491,Lulu's Allston,42.3550647,-71.1341649
492,Seoul Soulongtang,42.350251529608,-71.1318040723493
493,Yoma Boston,42.3537486,-71.1375818
494,Twin Donuts,42.3535270690918,-71.1379776000977
495,SOFRA Bakery & Cafe,42.374936,-71.150448
496,Red Lentil Vegetarian & Vegan Restaurant,42.370995,-71.1585523
497,Devlin's,42.34878,-71.15231
498,Brighton Bodega,42.348951045596,-71.1522706222963
499,Branch Line,42.3636838,-71.1666722
500,Teresa's Market,42.35023,-71.1648
501,Wild Willy's Burgers,42.3653526306152,-71.1814956665039
502,Not Your Average Joe's,42.36648,-71.18546
503,Roksana's Persian Food,42.3678414,-71.1787815
504,Thai Amarin,42.358088,-71.185137
505,Home Taste,42.36635,-71.1825099
506,Gustazo Cuban Restaurant & Cafe,42.3764267,-71.2366333
507,The Gaff,42.3681742697954,-71.2374946475029
508,Olivia's Bistro,42.36002,-71.20193
509,Moody's Delicatessen & Provisions,42.3682124,-71.237404
510,In A Pickle Restaurant,42.3716928,-71.2369323
511,Cafe Rossetti's,42.375705,-70.971138
512,D'Parma Restaurant,42.3729231,-70.9714729
513,La Siesta Restaurante,42.374248,-70.986099
514,Belle Isle Seafood,42.3826116,-70.9936784
515,Rincon Limeño Restaurant,42.37984,-71.02687
516,Angela's Cafe - Eagle Hill,42.37853,-71.035
517,Theo's Cozy Corner,42.36609,-71.05511
518,Monica's Mercato,42.36511,-71.05558
519,Caffé Vittoria,42.36418,-71.05448
520,Mamma Maria,42.36409,-71.0533
521,Trattoria Il Panino,42.3639035,-71.054771
522,Thinking Cup,42.3633754209916,-71.0550363743384
523,Nico Ristorante,42.3656649,-71.0528222
524,Limoncello Ristorante,42.3634326,-71.0539465
525,Locale,42.3650849,-71.053187
526,North End Fish Market,42.36392,-71.0555399
527,Taranta Cucina Meridionale,42.363031,-71.0555801
528,Helmand Restaurant,42.36649,-71.07801
529,Zo Greek,42.360484,-71.060919
530,Mooo Restaurant,42.3583014944831,-71.0619811489821
531,The Tip Tap Room,42.36105,-71.063986
532,Shabu & Mein,42.366246432066,-71.077893152833
533,Tatte Bakery & Cafe,42.3649239116026,-71.082667568791
534,Muqueca Restaurant,42.372679,-71.093895
535,Curio Coffee,42.3716,-71.0836
536,Dali Restaurant & Tapas Bar,42.378361733586,-71.1067021505605
537,East Side Bar & Grille,42.3718863,-71.0856506
538,Happy Lamb Hot Pot,42.36415,-71.10129
539,Green Street,42.36452,-71.10419
540,Brookline Lunch,42.3637641,-71.1017365
541,The Neighborhood Restaurant & Bakery,42.3814903,-71.0973688
542,City Girl Café,42.3731002807617,-71.1003265380859
543,Border Café,42.374278750456,-71.120297821449
544,Punjabi Dhaba,42.37388,-71.1008
545,Thelonious Monkfish,42.36423,-71.10205
546,The Smoke Shop BBQ - Kendall Square,42.3661974305535,-71.0914345449829
547,All Star Sandwich Bar,42.373506893888,-71.098204139262
548,Cafe Sushi,42.37077,-71.11355
549,Pinocchios Pizza & Subs,42.3719854829495,-71.1202467492146
550,Basta Pasta Trattoria,42.36463,-71.11323
551,Andala Coffee House,42.364874,-71.105764
552,Rangzen Tibetan Place,42.364167,-71.102964
553,The Coast Cafe,42.3630362532797,-71.1116226477432
554,Mr. Bartley's Gourmet Burgers,42.37249,-71.11615
555,Clover Food Lab,42.3729509942682,-71.1178823906066
556,Trina's Starlite Lounge,42.374619071059,-71.101530844105
557,Park Restaurant & Bar,42.3718681,-71.1208725
558,Sakana,42.3693,-71.11082
559,Dumpling House,42.3688024,-71.1097798
560,JP Licks,42.372874,-71.117556
561,Waypoint,42.36943,-71.1123
562,Henrietta's Table,42.3722372983189,-71.123303919788
563,Big Daddys Pizza & Sub Shop,42.3622823024939,-71.1408696865082
564,ANI Catering & Cafe,42.3802599156866,-71.1813931018524
565,Porcinis Italian Restaurant,42.36483,-71.1667
566,Uncommon Grounds,42.37012,-71.15956
567,My Other Kitchen,42.3927345275879,-71.1819610595703
568,Pizza Roma,42.3771438598633,-71.1883773803711
569,Spot Cafe,42.3703193664551,-71.1934585571289
570,Stellina,42.36639,-71.18532
571,Ritcey East,42.3769985786511,-71.1883542314172
572,West Street Tavern & Restaurant,42.3603355139494,-71.2009267508984
573,Taqueria Mexico,42.37486,-71.2379
574,D & A House of Pizza,42.3609261,-71.1989976
575,Jac's Cafe,42.3859512805939,-70.9752269089222
576,Antique Table,42.3861215,-70.9756185
577,New Saigon,42.3863369,-71.0073229
578,Adriana's Pastry & Café,42.382276,-70.993417
579,Mario's Restaurant,42.37817,-71.02886
580,Roy's Cold Cuts,42.37552,-71.03465
581,Mi Pueblito Restaurant,42.37904,-71.03989
582,The Brewer's Fork,42.37671,-71.05649
583,The Warren Tavern,42.37422,-71.06311
584,Tangierino,42.37395,-71.06288
585,Taco Loco Mexican Grill,42.3863690346479,-71.0795889794827
586,The Similans,42.366363,-71.07809
587,Atwood's Tavern,42.37275,-71.09145
588,Lone Star Taco Bar,42.37212,-71.08687
589,Machu Chicken,42.379965194776,-71.096731193915
590,Loyal Nine,42.37192,-71.08761
591,Puritan & Company,42.3731070676765,-71.0967491705349
592,Ebi Sushi Bar,42.379111836404,-71.094541274879
593,Casa B Tapas and Cocktail & Rum Bar,42.3797093,-71.0942732
594,M’Lor Caffe,42.37312,-71.09536
595,3 Little Figs,42.3918105,-71.1119124
596,Bergamot,42.378104828163,-71.106322143569
597,Tasting Counter,42.3817829,-71.1056689
598,Siam Ginger,42.38084,-71.09735
599,Olé,42.37406,-71.10015
600,Giulia,42.38251,-71.1200999
601,Café Rustica,42.3857393860817,-71.1156512796879
602,Yume Ga Arukara,42.38729,-71.11839
603,Cafe Mami,42.3874328923611,-71.1186972562476
604,The Kebab Factory,42.3780965,-71.1065573
605,Cambridge Common,42.382133040905,-71.119461647643
606,Toscano,42.3742954075566,-71.1219486864798
607,Grafton Street,42.3722389912824,-71.1159181268549
608,The Hourly Oyster House,42.37291,-71.11904
609,The Maharaja,42.372155,-71.120865
610,OTTO Pizza,42.374148,-71.119105
611,Charlie's Kitchen,42.3724547,-71.1214953
612,Zinneken's Belgian waffles - Harvard square,42.3712,-71.1145
613,Felipe's Taqueria,42.3734512,-71.120491
614,"Cambridge, 1.",42.3745231628418,-71.1200332641602
615,Yume Wo Katare,42.38939,-71.11976
616,Darwin's,42.374,-71.12499
617,Orinoco,42.37172,-71.12045
618,Grendel's Den Restaurant & Bar,42.372501,-71.1209673
619,Harvest,42.3736842141857,-71.1220836964934
620,Tampopo,42.38729,-71.11839
621,The Village Kitchen,42.38133,-71.1384999
622,Armando's Pizza & Subs,42.382395,-71.131417
623,Posto,42.39317,-71.12024
624,Redbones BBQ,42.395206451416,-71.1223602294922
625,Shangri-La,42.3756505,-71.1563038
626,Seta's Cafe,42.3769920566929,-71.162815907944
627,Kareem's Restaurant,42.37149,-71.17862
628,Domenic's,42.37652,-71.25145
629,Bridges Nepali Cuisine,42.3858,-70.97524
630,Sunny Cafe,42.386834,-71.006882
631,Donna's Restaurant,42.3870086669922,-71.007194519043
632,Sammy Carlo's Delicatessen & Catering,42.3825053028563,-71.0185490162933
633,Chelsea Station Restaurant Bar & Lounge,42.3946237851425,-71.039215028286
634,Floramo's Restaurant,42.398647,-71.040004
635,Jeveli's Restaurant,42.3795627367404,-71.0274490718168
636,Meridian Food Market,42.3732,-71.03883
637,Common Ground Coffee Roasters,42.40233,-71.04391
638,El Peñol,42.37578,-71.03713
639,Dino's,42.36503,-71.05535
640,Southern Kin Cookhouse,42.3942825,-71.0793609
641,Fuji at Assembly,42.3941328067803,-71.0798665158369
642,Vinny's Ristorante,42.3868057,-71.081687
643,Rincón Mexicano,42.387728,-71.08277
644,Leone's Sub & Pizza,42.3918724060059,-71.0926055908203
645,Tavern at the End of the World,42.38218,-71.07938
646,Tasty Mo:Mo,42.3961826,-71.1036769
647,Lotus Xpress,42.3889093,-71.0859656239252
648,Bronwyn,42.379764,-71.094594
649,La Brasa,42.3877651174269,-71.0841531184943
650,Juliet,42.3797430295696,-71.096927113831
651,Veggie Crust,42.382399,-71.102574
652,Sound Bites,42.3997650146484,-71.112434387207
653,RF O'Sullivan & Son,42.38302,-71.11244
654,The Painted Burro,42.394552014608,-71.1210836503978
655,Boston Burger,42.3969737565284,-71.122572841276
656,Diesel Cafe,42.3957187378513,-71.1218841161788
657,Sam’s Falafel & Shawarma,42.39025,-71.10767
658,Christopher's,42.3890113830566,-71.1200332641602
659,Flatbread Company,42.39575,-71.12382
660,Sapporo Ramen,42.38729,-71.11839
661,Temple Bar,42.38273,-71.12006
662,Rosebud American Kitchen & Bar,42.39444,-71.1208
663,Greek Corner Restaurant,42.3964894308787,-71.1294820604383
664,Sugidama Soba & Izakaya,42.395617,-71.122584
665,Five Horses Tavern,42.39567,-71.1208599
666,The Table at Season to Taste,42.3983409,-71.1310318
667,Tenoch Mexican,42.3951606452465,-71.1193218827248
668,Sugar & Spice,42.38961,-71.11996
669,True Bistro,42.40344,-71.12723
670,Gran Gusto,42.38849,-71.13238
671,DAKZEN,42.393384,-71.1203655
672,Genki Ya - Cambridge,42.3892615851878,-71.1435215355563
673,House of Chang,42.38352,-71.13365
674,Jose's Mexican Restaurant,42.390184,-71.132848
675,Guru The Caterer,42.40574,-71.13081
676,Gen Sushi,42.391534,-71.160152
677,Blue Ribbon BBQ,42.4176821,-71.1648104
678,Toraya,42.4173258,-71.1639357
679,La Victoria Taqueria,42.4150516,-71.1510759
680,Thmor Da,42.4079042,-70.9953778
681,Aladdin's Grill,42.42324,-71.00951
682,Beachmont Roast Beef,42.3975567796367,-70.9921733711296
683,B.W.'s Grill,42.418436,-71.0066641
684,Flaming Grill & Buffet,42.39762,-71.001065
685,S&L Subs,42.40168,-71.01955
686,Yoki Japanese Restaurant & Bar,42.403400367654,-71.0806739330292
687,Texas Roadhouse,42.400135981714,-71.06967888918
688,Earls Kitchen + Bar,42.395802,-71.080043
689,Zo Greek,42.39193,-71.07853
690,Pikliz International Kitchen,42.3916702270508,-71.0922546386719
691,Legal on the Mystic,42.395769,-71.081044
692,Olde Magoun's Saloon,42.3966331481934,-71.1041030883789
693,Winter Hill Brewing,42.39262,-71.09399
694,Bob's Italian Foods & Catering,42.40745,-71.10857
695,Taco Party,42.4001471988082,-71.1124002274804
696,Tu Y Yo,42.4008495,-71.117687
697,True Grounds Bakery & Coffee House,42.4001263,-71.1123759
698,Oasis Brazilian Steakhouse,42.40525,-71.10824
699,Opa Greek Yeeros,42.3950035857199,-71.1191471463399
700,Pokeworks,42.39582,-71.1218
701,Foundry on Elm,42.39564,-71.12166
702,Istanbul'lu,42.4027121245692,-71.126710528506
703,Noor Mediterranean Grill,42.400549,-71.117545
704,Spoke Wine Bar,42.3988663296308,-71.1242484911069
705,Anna's Taqueria,42.39485,-71.12187
706,Martsa On Elm,42.3950699,-71.12135
707,Sacco's Bowl Haven,42.39575,-71.12382
708,Hana Sushi,42.39666,-71.12965
709,Cafe Barada,42.3948,-71.12685
710,Masala,42.4031482,-71.1265681
711,Za,42.404116,-71.140549
712,Renee's Cafe,42.4015879094298,-71.1265850526762
713,Pikaichi,42.4177248,-71.1314022
714,The Loading Dock,42.3952140222391,-71.1575580869268
715,Tango Restaurant,42.4146995544434,-71.1520767211914
716,Il Casale,42.397428892592,-71.175656206441
717,Magic Bites Bakery,42.4177049,-71.1648675
718,Punjab Indian Restaurant,42.4150881,-71.1517029
719,Bellmont Caffe,42.398583,-71.175123
720,The Blue Ox,42.46323,-70.94764
721,Kelly's Roast Beef,42.423498,-70.983928
722,New Deal Fruit,42.4198735,-71.0057918
723,Hook & Reel Cajun Seafood and Bar,42.410671,-70.994562
724,Nino's Restaurant & Bar,42.4096673,-71.0011516
725,Volare Restaurant and Bar,42.41021,-71.01247
726,Brewin Cafe,42.40854,-71.01298
727,All Seasons Table,42.4268,-71.068994
728,Mystic Station,42.4272503,-71.0708219
729,Crying Thaiger,42.4248607,-71.0647464
730,El Potro Mexican Grill,42.4193088,-71.0799949
731,Santana's Plaza Café,42.406241883491,-71.0620308282847
732,Exchange Street Bistro,42.426597,-71.0693916
733,Dom's Sausage Co,42.420696,-71.075114
734,Monkey King Tea,42.422021,-71.080022
735,Habesha Ethiopian Restaurant,42.4288127989661,-71.0668732970953
736,Donut Villa Diner,42.41379,-71.078193
737,Regina Pizza,42.4037611484528,-71.0805807262659
738,Demet's Donuts,42.4080259,-71.1040062
739,Bistro 5,42.4213865,-71.1324138
740,Commune Kitchen,42.412122,-71.144471
741,Zhu,42.4048616936833,-71.1414342230341
742,Little Q Hot Pot,42.4055259314122,-71.1422554243378
743,Sabzi,42.4113393821985,-71.1484842930151
744,Acitron Cocina Mexicana,42.415458,-71.151845
745,Twyrl Pasta Bistro,42.4146251,-71.1504828
746,Tryst,42.4162307744037,-71.1553018387667
747,Thana Thai Kitchen,42.4170872658186,-71.1638308754666
748,MA-France,42.4253838,-71.1931458
749,Turner's Seafood,42.5224341710626,-70.8950849003412
750,The Marina Restaurant & Bar At the Wharf,42.43091,-70.97926
751,D'Amelio’s Restaurant,42.41863,-70.99898
752,Rice Passions,42.424,-71.00956
753,Ocean Sushi,42.4410327,-71.0682933
754,Fresco's Roast Beef & Seafood,42.4294438512402,-71.0477199777961
755,Sun Kong,42.42617,-71.06059
756,Sousaku Bistro Japanese Tapas & Bar,42.42539,-71.06336
757,Pisa Pizza,42.42355,-71.0769399
758,Doo Wop Diner,42.4238317,-71.0673067
759,Bikeeny Caffe,42.4288626,-71.0741835
760,District Kitchen,42.42765,-71.07362
761,Blue Fuji,42.4185381268269,-71.1082255840302
762,Nappi's Restaurant,42.4219787,-71.094927
763,Tom Yum Koong,42.4187316894531,-71.1090774536133
764,Mystic Coffee Roaster,42.4180582,-71.108542
765,Chilli Garden,42.4176067113876,-71.1077132821083
766,The Chicken & Rice Guys,42.4187584,-71.1069892
767,Real Italian Gusto,42.41823,-71.11063
768,SURA BBQ,42.4177756692391,-71.1088088565937
769,Nijiya Sushi,42.4185657,-71.1103451
770,Fruition Vegan Kitchen,42.4211001306727,-71.1321150732434
771,Magnificent Muffin & Bagel Shoppe,42.42177,-71.13378
772,Snappy Pattys,42.4210550034802,-71.1317380999777
773,Woori,42.414888292551,-71.1509826779366
774,Thai Moon,42.4160715,-71.1542009
775,Scutra Restaurant,42.4190222471952,-71.1577854305506
776,Pasha,42.4161071,-71.1543642
777,Not Your Average Joe's,42.4159607266188,-71.1538175619494
778,Jimmy's Steer House,42.421903,-71.17244
779,Andrina's Pizzeria,42.4205550382215,-71.1706120603611
780,D'Agostino's Delicatessen,42.4243911914493,-71.1819190255061
781,Jackson's Kitchen,42.4253942,-71.1932871
782,Taipei Gourmet,42.426432,-71.196556
783,Trattoria NINA,42.425263,-71.190799
784,Royal India Bistro,42.4487939444221,-71.2289252761037
